Model,Accuracy,Precision (Weighted),Recall (Weighted),F1-Score (Weighted),Precision (Macro),Recall (Macro),F1-Score (Macro),Precision (Micro),Recall (Micro),F1-Score (Micro)
MLP Baseline (TF),0.20689655172413793,0.13505747126436782,0.20689655172413793,0.15471485036702431,0.09375,0.12767857142857142,0.10191981931112365,0.20689655172413793,0.20689655172413793,0.20689655172413793
MLP Optimized (TF),0.13793103448275862,0.11350574712643678,0.13793103448275862,0.12443648305717273,0.08854166666666666,0.10952380952380952,0.09783549783549783,0.13793103448275862,0.13793103448275862,0.13793103448275862
SVM (UTS),0.3103448275862069,0.19415292353823088,0.3103448275862069,0.19999999999999998,0.16304347826086957,0.19791666666666666,0.15000000000000002,0.3103448275862069,0.3103448275862069,0.3103448275862069
