Model,Accuracy,Precision (Weighted),Recall (Weighted),F1-Score (Weighted),Precision (Macro),Recall (Macro),F1-Score (Macro),Precision (Micro),Recall (Micro),F1-Score (Micro)
MLP Baseline (TF),0.2413793103448276,0.09417221213954426,0.2413793103448276,0.13527851458885942,0.06067251461988304,0.1517857142857143,0.08653846153846154,0.2413793103448276,0.2413793103448276,0.2413793103448276
MLP Optimized (TF),0.10344827586206896,0.08908045977011493,0.10344827586206896,0.09348659003831418,0.07291666666666666,0.0875,0.07777777777777778,0.10344827586206896,0.10344827586206896,0.10344827586206896
SVM (UTS),0.3103448275862069,0.19415292353823088,0.3103448275862069,0.19999999999999998,0.16304347826086957,0.19791666666666666,0.15000000000000002,0.3103448275862069,0.3103448275862069,0.3103448275862069
