Model,Accuracy (Test),Precision (Test),Recall (Test),F1-Score (Test),CV Mean,CV Std
MLP Baseline,0.1034482758620689,0.0366931918656056,0.1034482758620689,0.0531609195402298,0.08275862068965516,0.04677468953879495
MLP Optimized,0.1379310344827586,0.0621684350132626,0.1379310344827586,0.0833030852994555,0.22758620689655173,0.04137931034482758
SVM,0.3103448275862069,0.1941529235382308,0.3103448275862069,0.1999999999999999,0.2206896551724138,0.046774689538794954
