Feature,Importance,Std
Feature_11,0.04137931034482758,0.04574654883248828
Feature_17,0.034482758620689655,0.01542115846551579
Feature_29,0.034482758620689655,0.021808811449437096
Feature_21,0.03103448275862069,0.028643530561786465
Feature_10,0.031034482758620686,0.028643530561786465
Feature_24,0.027586206896551724,0.013793103448275862
Feature_22,0.02413793103448276,0.03103448275862069
Feature_32,0.017241379310344827,0.023131737698273685
Feature_14,0.013793103448275862,0.035165651817881276
Feature_26,0.013793103448275862,0.022873274416244135
Feature_31,0.010344827586206896,0.03103448275862069
Feature_8,0.010344827586206893,0.04375371565672248
Feature_28,0.010344827586206893,0.03793103448275863
Feature_18,0.003448275862068963,0.02413793103448277
Feature_3,-2.7755575615628915e-18,0.034482758620689655
Feature_12,-5.551115123125783e-18,0.0436176228988742
Feature_23,-0.0034482758620689655,0.024137931034482762
Feature_27,-0.0034482758620689668,0.0103448275862069
Feature_1,-0.003448275862068968,0.03253096942088484
Feature_5,-0.003448275862068968,0.018569533817705187
Feature_19,-0.003448275862068968,0.03253096942088484
Feature_16,-0.0068965517241379335,0.013793103448275869
Feature_15,-0.0068965517241379335,0.013793103448275867
Feature_20,-0.010344827586206902,0.022079738749768447
Feature_7,-0.017241379310344834,0.03855289616378948
Feature_13,-0.0206896551724138,0.01689303270884951
Feature_25,-0.0206896551724138,0.02287327441624414
Feature_30,-0.0206896551724138,0.02287327441624414
Feature_4,-0.024137931034482762,0.026931895434160875
Feature_6,-0.048275862068965524,0.03160397031004027
Feature_9,-0.048275862068965524,0.022873274416244135
Feature_2,-0.058620689655172434,0.026931895434160875
