Feature,Importance,Std
Feature_28,0.041379310344827586,0.03006137202441844
Feature_24,0.03103448275862069,0.010344827586206895
Feature_25,0.024137931034482762,0.015801985155020137
Feature_31,0.02413793103448276,0.022079738749768443
Feature_29,0.02413793103448276,0.022079738749768443
Feature_1,0.017241379310344827,0.023131737698273685
Feature_18,0.013793103448275862,0.022873274416244135
Feature_14,0.013793103448275862,0.027586206896551724
Feature_8,0.010344827586206896,0.015801985155020137
Feature_5,0.010344827586206896,0.022079738749768443
Feature_19,0.0034482758620689655,0.03253096942088484
Feature_20,0.0034482758620689655,0.028643530561786465
Feature_4,0.0034482758620689655,0.018569533817705184
Feature_32,0.0034482758620689655,0.028643530561786465
Feature_16,0.0,0.0
Feature_15,0.0,0.01542115846551579
Feature_22,0.0,0.0
Feature_27,0.0,0.021808811449437096
Feature_12,-0.0034482758620689655,0.03253096942088484
Feature_26,-0.0034482758620689655,0.018569533817705184
Feature_23,-0.006896551724137931,0.020689655172413793
Feature_30,-0.006896551724137931,0.020689655172413793
Feature_6,-0.006896551724137931,0.02580453370188925
Feature_17,-0.010344827586206896,0.01580198515502014
Feature_13,-0.020689655172413796,0.027586206896551727
Feature_21,-0.020689655172413796,0.016893032708849506
Feature_11,-0.024137931034482762,0.015801985155020137
Feature_7,-0.034482758620689655,0.04080055022827322
Feature_9,-0.03793103448275863,0.024137931034482765
Feature_10,-0.04482758620689656,0.04375371565672248
Feature_2,-0.058620689655172406,0.022079738749768447
Feature_3,-0.07241379310344828,0.03253096942088484
