Model,Accuracy,Precision,Recall,F1-Score
MLP Baseline,0.10344827586206896,0.03669319186560566,0.10344827586206896,0.05316091954022988
MLP Optimized,0.13793103448275862,0.0621684350132626,0.13793103448275862,0.08330308529945554
SVM (UTS),0.3103448275862069,0.19415292353823088,0.3103448275862069,0.19999999999999998
